Latitude,Longitude
-0.5553639144514619,34.20849312589263
-0.5553639144514619,34.20849312589263
-0.5553639144514619,34.20849312589263
-0.5553639144514619,34.20849312589263
-0.5553639144514619,34.20849312589263
-0.5553639144514619,34.20849312589263
-0.5553639144514619,34.20849312589263
-0.5553639144514619,34.20849312589263
-10.025315699140457,-54.90933679504083
-10.025315699140457,-54.90933679504083
-10.025315699140457,-54.90933679504083
-10.025315699140457,-54.90933679504083
-10.025315699140457,-54.90933679504083
-10.025315699140457,-54.90933679504083
-10.025315699140457,-54.90933679504083
-10.025315699140457,-54.90933679504083
-10.757900930336646,-42.403632396026836
-10.757900930336646,-42.403632396026836
-10.757900930336646,-42.403632396026836
-10.757900930336646,-42.403632396026836
-10.757900930336646,-42.403632396026836
-10.757900930336646,-42.403632396026836
-10.757900930336646,-42.403632396026836
-10.757900930336646,-42.403632396026836
-10.940253674614375,-37.08934408936446
-10.940253674614375,-37.08934408936446
-10.940253674614375,-37.08934408936446
-10.940253674614375,-37.08934408936446
-10.940253674614375,-37.08934408936446
-10.940253674614375,-37.08934408936446
-10.940253674614375,-37.08934408936446
-10.940253674614375,-37.08934408936446
-11.303761152151317,-51.67145435242219
-11.303761152151317,-51.67145435242219
-11.303761152151317,-51.67145435242219
-11.303761152151317,-51.67145435242219
-11.303761152151317,-51.67145435242219
-11.303761152151317,-51.67145435242219
-11.303761152151317,-51.67145435242219
-11.303761152151317,-51.67145435242219
-12.402553597289604,-40.40141927013886
-12.402553597289604,-40.40141927013886
-12.402553597289604,-40.40141927013886
-12.402553597289604,-40.40141927013886
-12.402553597289604,-40.40141927013886
-12.402553597289604,-40.40141927013886
-12.402553597289604,-40.40141927013886
-12.402553597289604,-40.40141927013886
-13.923527665716108,-71.68670924822855
-13.923527665716108,-71.68670924822855
-13.923527665716108,-71.68670924822855
-13.923527665716108,-71.68670924822855
-13.923527665716108,-71.68670924822855
-13.923527665716108,-71.68670924822855
-13.923527665716108,-71.68670924822855
-13.923527665716108,-71.68670924822855
-15.535975631929034,-44.47340330491221
-15.535975631929034,-44.47340330491221
-15.535975631929034,-44.47340330491221
-15.535975631929034,-44.47340330491221
-15.535975631929034,-44.47340330491221
-15.535975631929034,-44.47340330491221
-15.535975631929034,-44.47340330491221
-15.535975631929034,-44.47340330491221
-22.036046598728454,-46.50066452153146
-22.036046598728454,-46.50066452153146
-22.036046598728454,-46.50066452153146
-22.036046598728454,-46.50066452153146
-22.036046598728454,-46.50066452153146
-22.036046598728454,-46.50066452153146
-22.036046598728454,-46.50066452153146
-22.036046598728454,-46.50066452153146
-22.495985449570014,-46.8282563270441
-22.495985449570014,-46.8282563270441
-22.495985449570014,-46.8282563270441
-22.495985449570014,-46.8282563270441
-22.495985449570014,-46.8282563270441
-22.495985449570014,-46.8282563270441
-22.495985449570014,-46.8282563270441
-22.495985449570014,-46.8282563270441
-22.98994034276425,-46.81970723413593
-22.98994034276425,-46.81970723413593
-22.98994034276425,-46.81970723413593
-22.98994034276425,-46.81970723413593
-22.98994034276425,-46.81970723413593
-22.98994034276425,-46.81970723413593
-22.98994034276425,-46.81970723413593
-22.98994034276425,-46.81970723413593
-23.06261928894814,30.67178661875991
-23.06261928894814,30.67178661875991
-23.06261928894814,30.67178661875991
-23.06261928894814,30.67178661875991
-23.06261928894814,30.67178661875991
-23.06261928894814,30.67178661875991
-23.06261928894814,30.67178661875991
-23.06261928894814,30.67178661875991
-27.142349478130058,26.54022553646439
-27.142349478130058,26.54022553646439
-27.142349478130058,26.54022553646439
-27.142349478130058,26.54022553646439
-27.142349478130058,26.54022553646439
-27.142349478130058,26.54022553646439
-27.142349478130058,26.54022553646439
-27.142349478130058,26.54022553646439
-27.316284085459635,-49.066177189950224
-27.316284085459635,-49.066177189950224
-27.316284085459635,-49.066177189950224
-27.316284085459635,-49.066177189950224
-27.316284085459635,-49.066177189950224
-27.316284085459635,-49.066177189950224
-27.316284085459635,-49.066177189950224
-27.316284085459635,-49.066177189950224
-28.475785754286548,153.53010020748656
-28.475785754286548,153.53010020748656
-28.475785754286548,153.53010020748656
-28.475785754286548,153.53010020748656
-28.475785754286548,153.53010020748656
-28.475785754286548,153.53010020748656
-28.475785754286548,153.53010020748656
-28.475785754286548,153.53010020748656
-33.43720723989326,146.5546757877014
-33.43720723989326,146.5546757877014
-33.43720723989326,146.5546757877014
-33.43720723989326,146.5546757877014
-33.43720723989326,146.5546757877014
-33.43720723989326,146.5546757877014
-33.43720723989326,146.5546757877014
-33.43720723989326,146.5546757877014
-33.66179632422254,119.73564853027318
-33.66179632422254,119.73564853027318
-33.66179632422254,119.73564853027318
-33.66179632422254,119.73564853027318
-33.66179632422254,119.73564853027318
-33.66179632422254,119.73564853027318
-33.66179632422254,119.73564853027318
-33.66179632422254,119.73564853027318
-35.5944918264552,144.68532538621628
-35.5944918264552,144.68532538621628
-35.5944918264552,144.68532538621628
-35.5944918264552,144.68532538621628
-35.5944918264552,144.68532538621628
-35.5944918264552,144.68532538621628
-35.5944918264552,144.68532538621628
-35.5944918264552,144.68532538621628
-36.916881394250574,-72.94085509552313
-36.916881394250574,-72.94085509552313
-36.916881394250574,-72.94085509552313
-36.916881394250574,-72.94085509552313
-36.916881394250574,-72.94085509552313
-36.916881394250574,-72.94085509552313
-36.916881394250574,-72.94085509552313
-36.916881394250574,-72.94085509552313
-37.32931594629302,-69.05285740764414
-37.32931594629302,-69.05285740764414
-37.32931594629302,-69.05285740764414
-37.32931594629302,-69.05285740764414
-37.32931594629302,-69.05285740764414
-37.32931594629302,-69.05285740764414
-37.32931594629302,-69.05285740764414
-37.32931594629302,-69.05285740764414
-37.74055805190856,-57.6524126315512
-37.74055805190856,-57.6524126315512
-37.74055805190856,-57.6524126315512
-37.74055805190856,-57.6524126315512
-37.74055805190856,-57.6524126315512
-37.74055805190856,-57.6524126315512
-37.74055805190856,-57.6524126315512
-37.74055805190856,-57.6524126315512
-37.82735650215198,-73.50896596176372
-37.82735650215198,-73.50896596176372
-37.82735650215198,-73.50896596176372
-37.82735650215198,-73.50896596176372
-37.82735650215198,-73.50896596176372
-37.82735650215198,-73.50896596176372
-37.82735650215198,-73.50896596176372
-37.82735650215198,-73.50896596176372
-37.987467670958274,143.0359234211926
-37.987467670958274,143.0359234211926
-37.987467670958274,143.0359234211926
-37.987467670958274,143.0359234211926
-37.987467670958274,143.0359234211926
-37.987467670958274,143.0359234211926
-37.987467670958274,143.0359234211926
-37.987467670958274,143.0359234211926
-38.68460017955983,-62.30492839274221
-38.68460017955983,-62.30492839274221
-38.68460017955983,-62.30492839274221
-38.68460017955983,-62.30492839274221
-38.68460017955983,-62.30492839274221
-38.68460017955983,-62.30492839274221
-38.68460017955983,-62.30492839274221
-38.68460017955983,-62.30492839274221
-40.50036708620809,-67.20954818884421
-40.50036708620809,-67.20954818884421
-40.50036708620809,-67.20954818884421
-40.50036708620809,-67.20954818884421
-40.50036708620809,-67.20954818884421
-40.50036708620809,-67.20954818884421
-40.50036708620809,-67.20954818884421
-40.50036708620809,-67.20954818884421
-5.490951099842675,104.20048051994456
-5.490951099842675,104.20048051994456
-5.490951099842675,104.20048051994456
-5.490951099842675,104.20048051994456
-5.490951099842675,104.20048051994456
-5.490951099842675,104.20048051994456
-5.490951099842675,104.20048051994456
-5.490951099842675,104.20048051994456
-7.247150158537082,112.56955490958643
-7.247150158537082,112.56955490958643
-7.247150158537082,112.56955490958643
-7.247150158537082,112.56955490958643
-7.247150158537082,112.56955490958643
-7.247150158537082,112.56955490958643
-7.247150158537082,112.56955490958643
-7.247150158537082,112.56955490958643
-7.353884533083637,109.29419616655264
-7.353884533083637,109.29419616655264
-7.353884533083637,109.29419616655264
-7.353884533083637,109.29419616655264
-7.353884533083637,109.29419616655264
-7.353884533083637,109.29419616655264
-7.353884533083637,109.29419616655264
-7.353884533083637,109.29419616655264
-8.421261517245746,115.29194158207719
-8.421261517245746,115.29194158207719
-8.421261517245746,115.29194158207719
-8.421261517245746,115.29194158207719
-8.421261517245746,115.29194158207719
-8.421261517245746,115.29194158207719
-8.421261517245746,115.29194158207719
-8.421261517245746,115.29194158207719
0.560121652802593,121.60197042900069
0.560121652802593,121.60197042900069
0.560121652802593,121.60197042900069
0.560121652802593,121.60197042900069
0.560121652802593,121.60197042900069
0.560121652802593,121.60197042900069
0.560121652802593,121.60197042900069
0.560121652802593,121.60197042900069
12.24479956518148,78.01240776163456
12.24479956518148,78.01240776163456
12.24479956518148,78.01240776163456
12.24479956518148,78.01240776163456
12.24479956518148,78.01240776163456
12.24479956518148,78.01240776163456
12.24479956518148,78.01240776163456
12.24479956518148,78.01240776163456
13.22959241591154,101.02546147770943
13.22959241591154,101.02546147770943
13.22959241591154,101.02546147770943
13.22959241591154,101.02546147770943
13.22959241591154,101.02546147770943
13.22959241591154,101.02546147770943
13.22959241591154,101.02546147770943
13.22959241591154,101.02546147770943
13.29931483134169,78.02122746501323
13.29931483134169,78.02122746501323
13.29931483134169,78.02122746501323
13.29931483134169,78.02122746501323
13.29931483134169,78.02122746501323
13.29931483134169,78.02122746501323
13.29931483134169,78.02122746501323
13.29931483134169,78.02122746501323
13.70493254683062,101.97003329361348
13.70493254683062,101.97003329361348
13.70493254683062,101.97003329361348
13.70493254683062,101.97003329361348
13.70493254683062,101.97003329361348
13.70493254683062,101.97003329361348
13.70493254683062,101.97003329361348
13.70493254683062,101.97003329361348
13.8254527483369,103.464110779956
13.8254527483369,103.464110779956
13.8254527483369,103.464110779956
13.8254527483369,103.464110779956
13.8254527483369,103.464110779956
13.8254527483369,103.464110779956
13.8254527483369,103.464110779956
13.8254527483369,103.464110779956
14.02231623126896,107.08727621586496
14.02231623126896,107.08727621586496
14.02231623126896,107.08727621586496
14.02231623126896,107.08727621586496
14.02231623126896,107.08727621586496
14.02231623126896,107.08727621586496
14.02231623126896,107.08727621586496
14.02231623126896,107.08727621586496
14.439189032935332,75.1130011150131
14.439189032935332,75.1130011150131
14.439189032935332,75.1130011150131
14.439189032935332,75.1130011150131
14.439189032935332,75.1130011150131
14.439189032935332,75.1130011150131
14.439189032935332,75.1130011150131
14.439189032935332,75.1130011150131
14.653392310643454,104.61090257195406
14.653392310643454,104.61090257195406
14.653392310643454,104.61090257195406
14.653392310643454,104.61090257195406
14.653392310643454,104.61090257195406
14.653392310643454,104.61090257195406
14.653392310643454,104.61090257195406
14.653392310643454,104.61090257195406
16.457276462103522,78.41373635594164
16.457276462103522,78.41373635594164
16.457276462103522,78.41373635594164
16.457276462103522,78.41373635594164
16.457276462103522,78.41373635594164
16.457276462103522,78.41373635594164
16.457276462103522,78.41373635594164
16.457276462103522,78.41373635594164
16.741459507064476,-98.31650302056168
16.741459507064476,-98.31650302056168
16.741459507064476,-98.31650302056168
16.741459507064476,-98.31650302056168
16.741459507064476,-98.31650302056168
16.741459507064476,-98.31650302056168
16.741459507064476,-98.31650302056168
16.741459507064476,-98.31650302056168
18.887703684874964,74.18417155312125
18.887703684874964,74.18417155312125
18.887703684874964,74.18417155312125
18.887703684874964,74.18417155312125
18.887703684874964,74.18417155312125
18.887703684874964,74.18417155312125
18.887703684874964,74.18417155312125
18.887703684874964,74.18417155312125
20.13095373696703,-98.65710990253987
20.13095373696703,-98.65710990253987
20.13095373696703,-98.65710990253987
20.13095373696703,-98.65710990253987
20.13095373696703,-98.65710990253987
20.13095373696703,-98.65710990253987
20.13095373696703,-98.65710990253987
20.13095373696703,-98.65710990253987
20.98518112787758,81.04197825201004
20.98518112787758,81.04197825201004
20.98518112787758,81.04197825201004
20.98518112787758,81.04197825201004
20.98518112787758,81.04197825201004
20.98518112787758,81.04197825201004
20.98518112787758,81.04197825201004
20.98518112787758,81.04197825201004
21.11882672829391,86.54577573522295
21.11882672829391,86.54577573522295
21.11882672829391,86.54577573522295
21.11882672829391,86.54577573522295
21.11882672829391,86.54577573522295
21.11882672829391,86.54577573522295
21.11882672829391,86.54577573522295
21.11882672829391,86.54577573522295
21.75201098198076,80.06351572227891
21.75201098198076,80.06351572227891
21.75201098198076,80.06351572227891
21.75201098198076,80.06351572227891
21.75201098198076,80.06351572227891
21.75201098198076,80.06351572227891
21.75201098198076,80.06351572227891
21.75201098198076,80.06351572227891
22.02414600580967,120.74462509632554
22.02414600580967,120.74462509632554
22.02414600580967,120.74462509632554
22.02414600580967,120.74462509632554
22.02414600580967,120.74462509632554
22.02414600580967,120.74462509632554
22.02414600580967,120.74462509632554
22.02414600580967,120.74462509632554
22.08448553698743,82.7967272012745
22.08448553698743,82.7967272012745
22.08448553698743,82.7967272012745
22.08448553698743,82.7967272012745
22.08448553698743,82.7967272012745
22.08448553698743,82.7967272012745
22.08448553698743,82.7967272012745
22.08448553698743,82.7967272012745
22.090437955955494,73.57666181866477
22.090437955955494,73.57666181866477
22.090437955955494,73.57666181866477
22.090437955955494,73.57666181866477
22.090437955955494,73.57666181866477
22.090437955955494,73.57666181866477
22.090437955955494,73.57666181866477
22.090437955955494,73.57666181866477
23.029953413361753,74.12840876438196
23.029953413361753,74.12840876438196
23.029953413361753,74.12840876438196
23.029953413361753,74.12840876438196
23.029953413361753,74.12840876438196
23.029953413361753,74.12840876438196
23.029953413361753,74.12840876438196
23.029953413361753,74.12840876438196
23.550336301171626,68.51838505289601
23.550336301171626,68.51838505289601
23.550336301171626,68.51838505289601
23.550336301171626,68.51838505289601
23.550336301171626,68.51838505289601
23.550336301171626,68.51838505289601
23.550336301171626,68.51838505289601
23.550336301171626,68.51838505289601
23.668398937370355,120.27153130358829
23.668398937370355,120.27153130358829
23.668398937370355,120.27153130358829
23.668398937370355,120.27153130358829
23.668398937370355,120.27153130358829
23.668398937370355,120.27153130358829
23.668398937370355,120.27153130358829
23.668398937370355,120.27153130358829
24.07953533560608,85.77845106576535
24.07953533560608,85.77845106576535
24.07953533560608,85.77845106576535
24.07953533560608,85.77845106576535
24.07953533560608,85.77845106576535
24.07953533560608,85.77845106576535
24.07953533560608,85.77845106576535
24.07953533560608,85.77845106576535
25.061541611142047,84.16765185690826
25.061541611142047,84.16765185690826
25.061541611142047,84.16765185690826
25.061541611142047,84.16765185690826
25.061541611142047,84.16765185690826
25.061541611142047,84.16765185690826
25.061541611142047,84.16765185690826
25.061541611142047,84.16765185690826
25.27497458282818,87.95274660359303
25.27497458282818,87.95274660359303
25.27497458282818,87.95274660359303
25.27497458282818,87.95274660359303
25.27497458282818,87.95274660359303
25.27497458282818,87.95274660359303
25.27497458282818,87.95274660359303
25.27497458282818,87.95274660359303
25.329311833126113,85.57549088150506
25.329311833126113,85.57549088150506
25.329311833126113,85.57549088150506
25.329311833126113,85.57549088150506
25.329311833126113,85.57549088150506
25.329311833126113,85.57549088150506
25.329311833126113,85.57549088150506
25.329311833126113,85.57549088150506
25.724408542992677,72.85722577935113
25.724408542992677,72.85722577935113
25.724408542992677,72.85722577935113
25.724408542992677,72.85722577935113
25.724408542992677,72.85722577935113
25.724408542992677,72.85722577935113
25.724408542992677,72.85722577935113
25.724408542992677,72.85722577935113
26.44367604676792,-97.70830666167531
26.44367604676792,-97.70830666167531
26.44367604676792,-97.70830666167531
26.44367604676792,-97.70830666167531
26.44367604676792,-97.70830666167531
26.44367604676792,-97.70830666167531
26.44367604676792,-97.70830666167531
26.44367604676792,-97.70830666167531
26.613825976263257,75.5105793805559
26.613825976263257,75.5105793805559
26.613825976263257,75.5105793805559
26.613825976263257,75.5105793805559
26.613825976263257,75.5105793805559
26.613825976263257,75.5105793805559
26.613825976263257,75.5105793805559
26.613825976263257,75.5105793805559
27.37318941770667,-81.43431285094603
27.37318941770667,-81.43431285094603
27.37318941770667,-81.43431285094603
27.37318941770667,-81.43431285094603
27.37318941770667,-81.43431285094603
27.37318941770667,-81.43431285094603
27.37318941770667,-81.43431285094603
27.37318941770667,-81.43431285094603
27.9622310996281,-97.50008563307333
27.9622310996281,-97.50008563307333
27.9622310996281,-97.50008563307333
27.9622310996281,-97.50008563307333
27.9622310996281,-97.50008563307333
27.9622310996281,-97.50008563307333
27.9622310996281,-97.50008563307333
27.9622310996281,-97.50008563307333
28.24242710607058,-100.94749692800592
28.24242710607058,-100.94749692800592
28.24242710607058,-100.94749692800592
28.24242710607058,-100.94749692800592
28.24242710607058,-100.94749692800592
28.24242710607058,-100.94749692800592
28.24242710607058,-100.94749692800592
28.24242710607058,-100.94749692800592
29.605769728394094,-95.12768631687794
29.605769728394094,-95.12768631687794
29.605769728394094,-95.12768631687794
29.605769728394094,-95.12768631687794
29.605769728394094,-95.12768631687794
29.605769728394094,-95.12768631687794
29.605769728394094,-95.12768631687794
29.605769728394094,-95.12768631687794
30.4608623372564,-95.6475172393098
30.4608623372564,-95.6475172393098
30.4608623372564,-95.6475172393098
30.4608623372564,-95.6475172393098
30.4608623372564,-95.6475172393098
30.4608623372564,-95.6475172393098
30.4608623372564,-95.6475172393098
30.4608623372564,-95.6475172393098
32.23741172544159,-93.38634255071163
32.23741172544159,-93.38634255071163
32.23741172544159,-93.38634255071163
32.23741172544159,-93.38634255071163
32.23741172544159,-93.38634255071163
32.23741172544159,-93.38634255071163
32.23741172544159,-93.38634255071163
32.23741172544159,-93.38634255071163
33.14515954894496,-99.74735242715121
33.14515954894496,-99.74735242715121
33.14515954894496,-99.74735242715121
33.14515954894496,-99.74735242715121
33.14515954894496,-99.74735242715121
33.14515954894496,-99.74735242715121
33.14515954894496,-99.74735242715121
33.14515954894496,-99.74735242715121
33.542945649443425,-83.26526133012106
33.542945649443425,-83.26526133012106
33.542945649443425,-83.26526133012106
33.542945649443425,-83.26526133012106
33.542945649443425,-83.26526133012106
33.542945649443425,-83.26526133012106
33.542945649443425,-83.26526133012106
33.542945649443425,-83.26526133012106
33.680542708703285,-112.62637817209323
33.680542708703285,-112.62637817209323
33.680542708703285,-112.62637817209323
33.680542708703285,-112.62637817209323
33.680542708703285,-112.62637817209323
33.680542708703285,-112.62637817209323
33.680542708703285,-112.62637817209323
33.680542708703285,-112.62637817209323
33.988775046061974,-118.33698608065727
33.988775046061974,-118.33698608065727
33.988775046061974,-118.33698608065727
33.988775046061974,-118.33698608065727
33.988775046061974,-118.33698608065727
33.988775046061974,-118.33698608065727
33.988775046061974,-118.33698608065727
33.988775046061974,-118.33698608065727
34.119944826779275,130.97576178920883
34.119944826779275,130.97576178920883
34.119944826779275,130.97576178920883
34.119944826779275,130.97576178920883
34.119944826779275,130.97576178920883
34.119944826779275,130.97576178920883
34.119944826779275,130.97576178920883
34.119944826779275,130.97576178920883
34.94892312876233,-90.36571478275286
34.94892312876233,-90.36571478275286
34.94892312876233,-90.36571478275286
34.94892312876233,-90.36571478275286
34.94892312876233,-90.36571478275286
34.94892312876233,-90.36571478275286
34.94892312876233,-90.36571478275286
34.94892312876233,-90.36571478275286
35.3555527647155,-81.92129340067255
35.3555527647155,-81.92129340067255
35.3555527647155,-81.92129340067255
35.3555527647155,-81.92129340067255
35.3555527647155,-81.92129340067255
35.3555527647155,-81.92129340067255
35.3555527647155,-81.92129340067255
35.3555527647155,-81.92129340067255
35.510904095554324,-84.18153295818827
35.510904095554324,-84.18153295818827
35.510904095554324,-84.18153295818827
35.510904095554324,-84.18153295818827
35.510904095554324,-84.18153295818827
35.510904095554324,-84.18153295818827
35.510904095554324,-84.18153295818827
35.510904095554324,-84.18153295818827
35.7200000771969,-85.44675284112071
35.7200000771969,-85.44675284112071
35.7200000771969,-85.44675284112071
35.7200000771969,-85.44675284112071
35.7200000771969,-85.44675284112071
35.7200000771969,-85.44675284112071
35.7200000771969,-85.44675284112071
35.7200000771969,-85.44675284112071
35.75681761608813,-84.71090923650979
35.75681761608813,-84.71090923650979
35.75681761608813,-84.71090923650979
35.75681761608813,-84.71090923650979
35.75681761608813,-84.71090923650979
35.75681761608813,-84.71090923650979
35.75681761608813,-84.71090923650979
35.75681761608813,-84.71090923650979
35.84708346017227,-107.17814283199762
35.84708346017227,-107.17814283199762
35.84708346017227,-107.17814283199762
35.84708346017227,-107.17814283199762
35.84708346017227,-107.17814283199762
35.84708346017227,-107.17814283199762
35.84708346017227,-107.17814283199762
35.84708346017227,-107.17814283199762
35.85977561435975,-91.32600262587181
35.85977561435975,-91.32600262587181
35.85977561435975,-91.32600262587181
35.85977561435975,-91.32600262587181
35.85977561435975,-91.32600262587181
35.85977561435975,-91.32600262587181
35.85977561435975,-91.32600262587181
35.85977561435975,-91.32600262587181
36.00235571027069,140.47239056178654
36.00235571027069,140.47239056178654
36.00235571027069,140.47239056178654
36.00235571027069,140.47239056178654
36.00235571027069,140.47239056178654
36.00235571027069,140.47239056178654
36.00235571027069,140.47239056178654
36.00235571027069,140.47239056178654
36.03502780679224,-96.06055533961535
36.03502780679224,-96.06055533961535
36.03502780679224,-96.06055533961535
36.03502780679224,-96.06055533961535
36.03502780679224,-96.06055533961535
36.03502780679224,-96.06055533961535
36.03502780679224,-96.06055533961535
36.03502780679224,-96.06055533961535
36.1538903899248,-85.9912338407894
36.1538903899248,-85.9912338407894
36.1538903899248,-85.9912338407894
36.1538903899248,-85.9912338407894
36.1538903899248,-85.9912338407894
36.1538903899248,-85.9912338407894
36.1538903899248,-85.9912338407894
36.1538903899248,-85.9912338407894
36.251773920088056,-82.36470613395076
36.251773920088056,-82.36470613395076
36.251773920088056,-82.36470613395076
36.251773920088056,-82.36470613395076
36.251773920088056,-82.36470613395076
36.251773920088056,-82.36470613395076
36.251773920088056,-82.36470613395076
36.251773920088056,-82.36470613395076
36.55803840925651,140.08645721297967
36.55803840925651,140.08645721297967
36.55803840925651,140.08645721297967
36.55803840925651,140.08645721297967
36.55803840925651,140.08645721297967
36.55803840925651,140.08645721297967
36.55803840925651,140.08645721297967
36.55803840925651,140.08645721297967
36.84619195751503,-85.80092696193175
36.84619195751503,-85.80092696193175
36.84619195751503,-85.80092696193175
36.84619195751503,-85.80092696193175
36.84619195751503,-85.80092696193175
36.84619195751503,-85.80092696193175
36.84619195751503,-85.80092696193175
36.84619195751503,-85.80092696193175
36.89828913134065,-88.31431162390746
36.89828913134065,-88.31431162390746
36.89828913134065,-88.31431162390746
36.89828913134065,-88.31431162390746
36.89828913134065,-88.31431162390746
36.89828913134065,-88.31431162390746
36.89828913134065,-88.31431162390746
36.89828913134065,-88.31431162390746
37.02923017873718,-109.3614439134385
37.02923017873718,-109.3614439134385
37.02923017873718,-109.3614439134385
37.02923017873718,-109.3614439134385
37.02923017873718,-109.3614439134385
37.02923017873718,-109.3614439134385
37.02923017873718,-109.3614439134385
37.02923017873718,-109.3614439134385
37.07925128358676,-79.57567384587311
37.07925128358676,-79.57567384587311
37.07925128358676,-79.57567384587311
37.07925128358676,-79.57567384587311
37.07925128358676,-79.57567384587311
37.07925128358676,-79.57567384587311
37.07925128358676,-79.57567384587311
37.07925128358676,-79.57567384587311
37.28811042116698,-82.92058476859737
37.28811042116698,-82.92058476859737
37.28811042116698,-82.92058476859737
37.28811042116698,-82.92058476859737
37.28811042116698,-82.92058476859737
37.28811042116698,-82.92058476859737
37.28811042116698,-82.92058476859737
37.28811042116698,-82.92058476859737
37.335085618446286,-105.82036596244438
37.335085618446286,-105.82036596244438
37.335085618446286,-105.82036596244438
37.335085618446286,-105.82036596244438
37.335085618446286,-105.82036596244438
37.335085618446286,-105.82036596244438
37.335085618446286,-105.82036596244438
37.335085618446286,-105.82036596244438
37.534829996888604,25.169635420200166
37.534829996888604,25.169635420200166
37.534829996888604,25.169635420200166
37.534829996888604,25.169635420200166
37.534829996888604,25.169635420200166
37.534829996888604,25.169635420200166
37.534829996888604,25.169635420200166
37.534829996888604,25.169635420200166
37.686027412921675,-122.12324916903438
37.686027412921675,-122.12324916903438
37.686027412921675,-122.12324916903438
37.686027412921675,-122.12324916903438
37.686027412921675,-122.12324916903438
37.686027412921675,-122.12324916903438
37.686027412921675,-122.12324916903438
37.686027412921675,-122.12324916903438
38.03361165739574,32.5760614730691
38.03361165739574,32.5760614730691
38.03361165739574,32.5760614730691
38.03361165739574,32.5760614730691
38.03361165739574,32.5760614730691
38.03361165739574,32.5760614730691
38.03361165739574,32.5760614730691
38.03361165739574,32.5760614730691
38.175925040799896,-4.01741929273058
38.175925040799896,-4.01741929273058
38.175925040799896,-4.01741929273058
38.175925040799896,-4.01741929273058
38.175925040799896,-4.01741929273058
38.175925040799896,-4.01741929273058
38.175925040799896,-4.01741929273058
38.175925040799896,-4.01741929273058
38.311143824415225,-122.74476144982916
38.311143824415225,-122.74476144982916
38.311143824415225,-122.74476144982916
38.311143824415225,-122.74476144982916
38.311143824415225,-122.74476144982916
38.311143824415225,-122.74476144982916
38.311143824415225,-122.74476144982916
38.311143824415225,-122.74476144982916
38.32709871011605,34.01990461883892
38.32709871011605,34.01990461883892
38.32709871011605,34.01990461883892
38.32709871011605,34.01990461883892
38.32709871011605,34.01990461883892
38.32709871011605,34.01990461883892
38.32709871011605,34.01990461883892
38.32709871011605,34.01990461883892
38.387314240341254,-101.40694614524698
38.387314240341254,-101.40694614524698
38.387314240341254,-101.40694614524698
38.387314240341254,-101.40694614524698
38.387314240341254,-101.40694614524698
38.387314240341254,-101.40694614524698
38.387314240341254,-101.40694614524698
38.387314240341254,-101.40694614524698
38.83955051561577,28.879891792311383
38.83955051561577,28.879891792311383
38.83955051561577,28.879891792311383
38.83955051561577,28.879891792311383
38.83955051561577,28.879891792311383
38.83955051561577,28.879891792311383
38.83955051561577,28.879891792311383
38.83955051561577,28.879891792311383
39.098867413572435,-88.06507120337939
39.098867413572435,-88.06507120337939
39.098867413572435,-88.06507120337939
39.098867413572435,-88.06507120337939
39.098867413572435,-88.06507120337939
39.098867413572435,-88.06507120337939
39.098867413572435,-88.06507120337939
39.098867413572435,-88.06507120337939
39.39236414446158,-5.968272633572099
39.39236414446158,-5.968272633572099
39.39236414446158,-5.968272633572099
39.39236414446158,-5.968272633572099
39.39236414446158,-5.968272633572099
39.39236414446158,-5.968272633572099
39.39236414446158,-5.968272633572099
39.39236414446158,-5.968272633572099
39.54063338265898,-75.60737309773954
39.54063338265898,-75.60737309773954
39.54063338265898,-75.60737309773954
39.54063338265898,-75.60737309773954
39.54063338265898,-75.60737309773954
39.54063338265898,-75.60737309773954
39.54063338265898,-75.60737309773954
39.54063338265898,-75.60737309773954
39.70633373192777,-88.55765872295449
39.70633373192777,-88.55765872295449
39.70633373192777,-88.55765872295449
39.70633373192777,-88.55765872295449
39.70633373192777,-88.55765872295449
39.70633373192777,-88.55765872295449
39.70633373192777,-88.55765872295449
39.70633373192777,-88.55765872295449
40.029905208030854,30.026198734568226
40.029905208030854,30.026198734568226
40.029905208030854,30.026198734568226
40.029905208030854,30.026198734568226
40.029905208030854,30.026198734568226
40.029905208030854,30.026198734568226
40.029905208030854,30.026198734568226
40.029905208030854,30.026198734568226
40.354863143858296,-4.251990697899799
40.354863143858296,-4.251990697899799
40.354863143858296,-4.251990697899799
40.354863143858296,-4.251990697899799
40.354863143858296,-4.251990697899799
40.354863143858296,-4.251990697899799
40.354863143858296,-4.251990697899799
40.354863143858296,-4.251990697899799
40.50316759836589,-74.62670860397098
40.50316759836589,-74.62670860397098
40.50316759836589,-74.62670860397098
40.50316759836589,-74.62670860397098
40.50316759836589,-74.62670860397098
40.50316759836589,-74.62670860397098
40.50316759836589,-74.62670860397098
40.50316759836589,-74.62670860397098
40.67702443785066,-89.5620918710847
40.67702443785066,-89.5620918710847
40.67702443785066,-89.5620918710847
40.67702443785066,-89.5620918710847
40.67702443785066,-89.5620918710847
40.67702443785066,-89.5620918710847
40.67702443785066,-89.5620918710847
40.67702443785066,-89.5620918710847
41.533611711554386,2.069912911709963
41.533611711554386,2.069912911709963
41.533611711554386,2.069912911709963
41.533611711554386,2.069912911709963
41.533611711554386,2.069912911709963
41.533611711554386,2.069912911709963
41.533611711554386,2.069912911709963
41.533611711554386,2.069912911709963
41.60598508612716,-79.54855593824863
41.60598508612716,-79.54855593824863
41.60598508612716,-79.54855593824863
41.60598508612716,-79.54855593824863
41.60598508612716,-79.54855593824863
41.60598508612716,-79.54855593824863
41.60598508612716,-79.54855593824863
41.60598508612716,-79.54855593824863
41.9268133703479,-105.07283461870657
41.9268133703479,-105.07283461870657
41.9268133703479,-105.07283461870657
41.9268133703479,-105.07283461870657
41.9268133703479,-105.07283461870657
41.9268133703479,-105.07283461870657
41.9268133703479,-105.07283461870657
41.9268133703479,-105.07283461870657
41.93790994119048,-73.19208201161199
41.93790994119048,-73.19208201161199
41.93790994119048,-73.19208201161199
41.93790994119048,-73.19208201161199
41.93790994119048,-73.19208201161199
41.93790994119048,-73.19208201161199
41.93790994119048,-73.19208201161199
41.93790994119048,-73.19208201161199
41.9387868199281,-85.527216186816
41.9387868199281,-85.527216186816
41.9387868199281,-85.527216186816
41.9387868199281,-85.527216186816
41.9387868199281,-85.527216186816
41.9387868199281,-85.527216186816
41.9387868199281,-85.527216186816
41.9387868199281,-85.527216186816
42.11196021110453,14.63208256177495
42.11196021110453,14.63208256177495
42.11196021110453,14.63208256177495
42.11196021110453,14.63208256177495
42.11196021110453,14.63208256177495
42.11196021110453,14.63208256177495
42.11196021110453,14.63208256177495
42.11196021110453,14.63208256177495
42.2037563348233,23.983666815390393
42.2037563348233,23.983666815390393
42.2037563348233,23.983666815390393
42.2037563348233,23.983666815390393
42.2037563348233,23.983666815390393
42.2037563348233,23.983666815390393
42.2037563348233,23.983666815390393
42.2037563348233,23.983666815390393
42.30640885955847,-5.833664121893548
42.30640885955847,-5.833664121893548
42.30640885955847,-5.833664121893548
42.30640885955847,-5.833664121893548
42.30640885955847,-5.833664121893548
42.30640885955847,-5.833664121893548
42.30640885955847,-5.833664121893548
42.30640885955847,-5.833664121893548
42.37240859015347,139.84249771477613
42.37240859015347,139.84249771477613
42.37240859015347,139.84249771477613
42.37240859015347,139.84249771477613
42.37240859015347,139.84249771477613
42.37240859015347,139.84249771477613
42.37240859015347,139.84249771477613
42.37240859015347,139.84249771477613
42.51757482585069,-81.87830156224517
42.51757482585069,-81.87830156224517
42.51757482585069,-81.87830156224517
42.51757482585069,-81.87830156224517
42.51757482585069,-81.87830156224517
42.51757482585069,-81.87830156224517
42.51757482585069,-81.87830156224517
42.51757482585069,-81.87830156224517
42.58241590510211,12.278011109676072
42.58241590510211,12.278011109676072
42.58241590510211,12.278011109676072
42.58241590510211,12.278011109676072
42.58241590510211,12.278011109676072
42.58241590510211,12.278011109676072
42.58241590510211,12.278011109676072
42.58241590510211,12.278011109676072
42.638633521225,-77.08932732020546
42.638633521225,-77.08932732020546
42.638633521225,-77.08932732020546
42.638633521225,-77.08932732020546
42.638633521225,-77.08932732020546
42.638633521225,-77.08932732020546
42.638633521225,-77.08932732020546
42.638633521225,-77.08932732020546
42.95224843069738,-80.39296230729829
42.95224843069738,-80.39296230729829
42.95224843069738,-80.39296230729829
42.95224843069738,-80.39296230729829
42.95224843069738,-80.39296230729829
42.95224843069738,-80.39296230729829
42.95224843069738,-80.39296230729829
42.95224843069738,-80.39296230729829
42.99711801000397,-79.33716785748337
42.99711801000397,-79.33716785748337
42.99711801000397,-79.33716785748337
42.99711801000397,-79.33716785748337
42.99711801000397,-79.33716785748337
42.99711801000397,-79.33716785748337
42.99711801000397,-79.33716785748337
42.99711801000397,-79.33716785748337
43.26204637762913,-97.44606020200936
43.26204637762913,-97.44606020200936
43.26204637762913,-97.44606020200936
43.26204637762913,-97.44606020200936
43.26204637762913,-97.44606020200936
43.26204637762913,-97.44606020200936
43.26204637762913,-97.44606020200936
43.26204637762913,-97.44606020200936
43.448351414610116,5.251249849200519
43.448351414610116,5.251249849200519
43.448351414610116,5.251249849200519
43.448351414610116,5.251249849200519
43.448351414610116,5.251249849200519
43.448351414610116,5.251249849200519
43.448351414610116,5.251249849200519
43.448351414610116,5.251249849200519
43.54239491610208,-119.5046018980243
43.54239491610208,-119.5046018980243
43.54239491610208,-119.5046018980243
43.54239491610208,-119.5046018980243
43.54239491610208,-119.5046018980243
43.54239491610208,-119.5046018980243
43.54239491610208,-119.5046018980243
43.54239491610208,-119.5046018980243
43.59764496749513,16.46900020326933
43.59764496749513,16.46900020326933
43.59764496749513,16.46900020326933
43.59764496749513,16.46900020326933
43.59764496749513,16.46900020326933
43.59764496749513,16.46900020326933
43.59764496749513,16.46900020326933
43.59764496749513,16.46900020326933
43.79877184184177,11.639005374005393
43.79877184184177,11.639005374005393
43.79877184184177,11.639005374005393
43.79877184184177,11.639005374005393
43.79877184184177,11.639005374005393
43.79877184184177,11.639005374005393
43.79877184184177,11.639005374005393
43.79877184184177,11.639005374005393
44.32474234261798,-104.1377165451808
44.32474234261798,-104.1377165451808
44.32474234261798,-104.1377165451808
44.32474234261798,-104.1377165451808
44.32474234261798,-104.1377165451808
44.32474234261798,-104.1377165451808
44.32474234261798,-104.1377165451808
44.32474234261798,-104.1377165451808
44.46578235096571,-87.92323151246094
44.46578235096571,-87.92323151246094
44.46578235096571,-87.92323151246094
44.46578235096571,-87.92323151246094
44.46578235096571,-87.92323151246094
44.46578235096571,-87.92323151246094
44.46578235096571,-87.92323151246094
44.46578235096571,-87.92323151246094
44.50701811570285,-73.11284454131044
44.50701811570285,-73.11284454131044
44.50701811570285,-73.11284454131044
44.50701811570285,-73.11284454131044
44.50701811570285,-73.11284454131044
44.50701811570285,-73.11284454131044
44.50701811570285,-73.11284454131044
44.50701811570285,-73.11284454131044
44.82509872648558,7.228242391719931
44.82509872648558,7.228242391719931
44.82509872648558,7.228242391719931
44.82509872648558,7.228242391719931
44.82509872648558,7.228242391719931
44.82509872648558,7.228242391719931
44.82509872648558,7.228242391719931
44.82509872648558,7.228242391719931
45.004882429827006,27.231188342976594
45.004882429827006,27.231188342976594
45.004882429827006,27.231188342976594
45.004882429827006,27.231188342976594
45.004882429827006,27.231188342976594
45.004882429827006,27.231188342976594
45.004882429827006,27.231188342976594
45.004882429827006,27.231188342976594
45.01991648837064,38.958330784713326
45.01991648837064,38.958330784713326
45.01991648837064,38.958330784713326
45.01991648837064,38.958330784713326
45.01991648837064,38.958330784713326
45.01991648837064,38.958330784713326
45.01991648837064,38.958330784713326
45.01991648837064,38.958330784713326
45.05998785269652,10.508893128141807
45.05998785269652,10.508893128141807
45.05998785269652,10.508893128141807
45.05998785269652,10.508893128141807
45.05998785269652,10.508893128141807
45.05998785269652,10.508893128141807
45.05998785269652,10.508893128141807
45.05998785269652,10.508893128141807
45.239866326862284,7.73143878855069
45.239866326862284,7.73143878855069
45.239866326862284,7.73143878855069
45.239866326862284,7.73143878855069
45.239866326862284,7.73143878855069
45.239866326862284,7.73143878855069
45.239866326862284,7.73143878855069
45.239866326862284,7.73143878855069
45.45575828964982,6.119255724112975
45.45575828964982,6.119255724112975
45.45575828964982,6.119255724112975
45.45575828964982,6.119255724112975
45.45575828964982,6.119255724112975
45.45575828964982,6.119255724112975
45.45575828964982,6.119255724112975
45.45575828964982,6.119255724112975
45.71242234922953,10.413587212541415
45.71242234922953,10.413587212541415
45.71242234922953,10.413587212541415
45.71242234922953,10.413587212541415
45.71242234922953,10.413587212541415
45.71242234922953,10.413587212541415
45.71242234922953,10.413587212541415
45.71242234922953,10.413587212541415
45.732797019930516,9.642930978574611
45.732797019930516,9.642930978574611
45.732797019930516,9.642930978574611
45.732797019930516,9.642930978574611
45.732797019930516,9.642930978574611
45.732797019930516,9.642930978574611
45.732797019930516,9.642930978574611
45.732797019930516,9.642930978574611
45.77852554992171,42.73760182206422
45.77852554992171,42.73760182206422
45.77852554992171,42.73760182206422
45.77852554992171,42.73760182206422
45.77852554992171,42.73760182206422
45.77852554992171,42.73760182206422
45.77852554992171,42.73760182206422
45.77852554992171,42.73760182206422
45.89788701431134,-93.21278154087624
45.89788701431134,-93.21278154087624
45.89788701431134,-93.21278154087624
45.89788701431134,-93.21278154087624
45.89788701431134,-93.21278154087624
45.89788701431134,-93.21278154087624
45.89788701431134,-93.21278154087624
45.89788701431134,-93.21278154087624
45.90270124869693,-95.52025718106772
45.90270124869693,-95.52025718106772
45.90270124869693,-95.52025718106772
45.90270124869693,-95.52025718106772
45.90270124869693,-95.52025718106772
45.90270124869693,-95.52025718106772
45.90270124869693,-95.52025718106772
45.90270124869693,-95.52025718106772
46.321552471685735,48.029901751250804
46.321552471685735,48.029901751250804
46.321552471685735,48.029901751250804
46.321552471685735,48.029901751250804
46.321552471685735,48.029901751250804
46.321552471685735,48.029901751250804
46.321552471685735,48.029901751250804
46.321552471685735,48.029901751250804
46.378958792407516,-95.10060340940493
46.378958792407516,-95.10060340940493
46.378958792407516,-95.10060340940493
46.378958792407516,-95.10060340940493
46.378958792407516,-95.10060340940493
46.378958792407516,-95.10060340940493
46.378958792407516,-95.10060340940493
46.378958792407516,-95.10060340940493
46.52730222733453,-1.2665560365743715
46.52730222733453,-1.2665560365743715
46.52730222733453,-1.2665560365743715
46.52730222733453,-1.2665560365743715
46.52730222733453,-1.2665560365743715
46.52730222733453,-1.2665560365743715
46.52730222733453,-1.2665560365743715
46.52730222733453,-1.2665560365743715
46.56058471439562,1.142165446733884
46.56058471439562,1.142165446733884
46.56058471439562,1.142165446733884
46.56058471439562,1.142165446733884
46.56058471439562,1.142165446733884
46.56058471439562,1.142165446733884
46.56058471439562,1.142165446733884
46.56058471439562,1.142165446733884
46.954234183975586,-93.94367708171127
46.954234183975586,-93.94367708171127
46.954234183975586,-93.94367708171127
46.954234183975586,-93.94367708171127
46.954234183975586,-93.94367708171127
46.954234183975586,-93.94367708171127
46.954234183975586,-93.94367708171127
46.954234183975586,-93.94367708171127
47.021856789702966,42.178912939587946
47.021856789702966,42.178912939587946
47.021856789702966,42.178912939587946
47.021856789702966,42.178912939587946
47.021856789702966,42.178912939587946
47.021856789702966,42.178912939587946
47.021856789702966,42.178912939587946
47.021856789702966,42.178912939587946
47.05018739083336,8.5349828205759
47.05018739083336,8.5349828205759
47.05018739083336,8.5349828205759
47.05018739083336,8.5349828205759
47.05018739083336,8.5349828205759
47.05018739083336,8.5349828205759
47.05018739083336,8.5349828205759
47.05018739083336,8.5349828205759
47.100326263016115,8.177631910903264
47.100326263016115,8.177631910903264
47.100326263016115,8.177631910903264
47.100326263016115,8.177631910903264
47.100326263016115,8.177631910903264
47.100326263016115,8.177631910903264
47.100326263016115,8.177631910903264
47.100326263016115,8.177631910903264
47.17150922951619,8.282775000588567
47.17150922951619,8.282775000588567
47.17150922951619,8.282775000588567
47.17150922951619,8.282775000588567
47.17150922951619,8.282775000588567
47.17150922951619,8.282775000588567
47.17150922951619,8.282775000588567
47.17150922951619,8.282775000588567
47.17967008664167,8.452941150801342
47.17967008664167,8.452941150801342
47.17967008664167,8.452941150801342
47.17967008664167,8.452941150801342
47.17967008664167,8.452941150801342
47.17967008664167,8.452941150801342
47.17967008664167,8.452941150801342
47.17967008664167,8.452941150801342
47.20174978773404,8.453977891484477
47.20174978773404,8.453977891484477
47.20174978773404,8.453977891484477
47.20174978773404,8.453977891484477
47.20174978773404,8.453977891484477
47.20174978773404,8.453977891484477
47.20174978773404,8.453977891484477
47.20174978773404,8.453977891484477
47.25853013441726,8.44429991536876
47.25853013441726,8.44429991536876
47.25853013441726,8.44429991536876
47.25853013441726,8.44429991536876
47.25853013441726,8.44429991536876
47.25853013441726,8.44429991536876
47.25853013441726,8.44429991536876
47.25853013441726,8.44429991536876
47.32169702006244,8.205634543206207
47.32169702006244,8.205634543206207
47.32169702006244,8.205634543206207
47.32169702006244,8.205634543206207
47.32169702006244,8.205634543206207
47.32169702006244,8.205634543206207
47.32169702006244,8.205634543206207
47.32169702006244,8.205634543206207
47.36166865292548,8.651906898066635
47.36166865292548,8.651906898066635
47.36166865292548,8.651906898066635
47.36166865292548,8.651906898066635
47.36166865292548,8.651906898066635
47.36166865292548,8.651906898066635
47.36166865292548,8.651906898066635
47.36166865292548,8.651906898066635
47.395896847723876,-92.6013859797196
47.395896847723876,-92.6013859797196
47.395896847723876,-92.6013859797196
47.395896847723876,-92.6013859797196
47.395896847723876,-92.6013859797196
47.395896847723876,-92.6013859797196
47.395896847723876,-92.6013859797196
47.395896847723876,-92.6013859797196
47.40126871665566,8.621761851901931
47.40126871665566,8.621761851901931
47.40126871665566,8.621761851901931
47.40126871665566,8.621761851901931
47.40126871665566,8.621761851901931
47.40126871665566,8.621761851901931
47.40126871665566,8.621761851901931
47.40126871665566,8.621761851901931
47.40383977132083,8.533511588466567
47.40383977132083,8.533511588466567
47.40383977132083,8.533511588466567
47.40383977132083,8.533511588466567
47.40383977132083,8.533511588466567
47.40383977132083,8.533511588466567
47.40383977132083,8.533511588466567
47.40383977132083,8.533511588466567
47.41075584557459,8.432666027489145
47.41075584557459,8.432666027489145
47.41075584557459,8.432666027489145
47.41075584557459,8.432666027489145
47.41075584557459,8.432666027489145
47.41075584557459,8.432666027489145
47.41075584557459,8.432666027489145
47.41075584557459,8.432666027489145
47.49031756161999,8.19295642507044
47.49031756161999,8.19295642507044
47.49031756161999,8.19295642507044
47.49031756161999,8.19295642507044
47.49031756161999,8.19295642507044
47.49031756161999,8.19295642507044
47.49031756161999,8.19295642507044
47.49031756161999,8.19295642507044
47.49905366102391,8.879031800631736
47.49905366102391,8.879031800631736
47.49905366102391,8.879031800631736
47.49905366102391,8.879031800631736
47.49905366102391,8.879031800631736
47.49905366102391,8.879031800631736
47.49905366102391,8.879031800631736
47.49905366102391,8.879031800631736
47.50212767663149,8.791124701509963
47.50212767663149,8.791124701509963
47.50212767663149,8.791124701509963
47.50212767663149,8.791124701509963
47.50212767663149,8.791124701509963
47.50212767663149,8.791124701509963
47.50212767663149,8.791124701509963
47.50212767663149,8.791124701509963
47.51552320755542,8.37334412620935
47.51552320755542,8.37334412620935
47.51552320755542,8.37334412620935
47.51552320755542,8.37334412620935
47.51552320755542,8.37334412620935
47.51552320755542,8.37334412620935
47.51552320755542,8.37334412620935
47.51552320755542,8.37334412620935
47.54360365403797,8.783849707054566
47.54360365403797,8.783849707054566
47.54360365403797,8.783849707054566
47.54360365403797,8.783849707054566
47.54360365403797,8.783849707054566
47.54360365403797,8.783849707054566
47.54360365403797,8.783849707054566
47.54360365403797,8.783849707054566
47.54973392433282,8.843423855147407
47.54973392433282,8.843423855147407
47.54973392433282,8.843423855147407
47.54973392433282,8.843423855147407
47.54973392433282,8.843423855147407
47.54973392433282,8.843423855147407
47.54973392433282,8.843423855147407
47.54973392433282,8.843423855147407
47.68303683960972,8.681139208768396
47.68303683960972,8.681139208768396
47.68303683960972,8.681139208768396
47.68303683960972,8.681139208768396
47.68303683960972,8.681139208768396
47.68303683960972,8.681139208768396
47.68303683960972,8.681139208768396
47.68303683960972,8.681139208768396
47.74931625037069,8.34564468527757
47.74931625037069,8.34564468527757
47.74931625037069,8.34564468527757
47.74931625037069,8.34564468527757
47.74931625037069,8.34564468527757
47.74931625037069,8.34564468527757
47.74931625037069,8.34564468527757
47.74931625037069,8.34564468527757
47.82337747290978,4.8245792149613465
47.82337747290978,4.8245792149613465
47.82337747290978,4.8245792149613465
47.82337747290978,4.8245792149613465
47.82337747290978,4.8245792149613465
47.82337747290978,4.8245792149613465
47.82337747290978,4.8245792149613465
47.82337747290978,4.8245792149613465
47.951273456609556,4.072144981359287
47.951273456609556,4.072144981359287
47.951273456609556,4.072144981359287
47.951273456609556,4.072144981359287
47.951273456609556,4.072144981359287
47.951273456609556,4.072144981359287
47.951273456609556,4.072144981359287
47.951273456609556,4.072144981359287
47.987021031810166,8.046975331095243
47.987021031810166,8.046975331095243
47.987021031810166,8.046975331095243
47.987021031810166,8.046975331095243
47.987021031810166,8.046975331095243
47.987021031810166,8.046975331095243
47.987021031810166,8.046975331095243
47.987021031810166,8.046975331095243
48.15506518975192,-69.70926749120487
48.15506518975192,-69.70926749120487
48.15506518975192,-69.70926749120487
48.15506518975192,-69.70926749120487
48.15506518975192,-69.70926749120487
48.15506518975192,-69.70926749120487
48.15506518975192,-69.70926749120487
48.15506518975192,-69.70926749120487
48.44732295017114,4.958418193272195
48.44732295017114,4.958418193272195
48.44732295017114,4.958418193272195
48.44732295017114,4.958418193272195
48.44732295017114,4.958418193272195
48.44732295017114,4.958418193272195
48.44732295017114,4.958418193272195
48.44732295017114,4.958418193272195
48.687231633174605,-3.512700520402433
48.687231633174605,-3.512700520402433
48.687231633174605,-3.512700520402433
48.687231633174605,-3.512700520402433
48.687231633174605,-3.512700520402433
48.687231633174605,-3.512700520402433
48.687231633174605,-3.512700520402433
48.687231633174605,-3.512700520402433
49.00763949765022,5.659744566821615
49.00763949765022,5.659744566821615
49.00763949765022,5.659744566821615
49.00763949765022,5.659744566821615
49.00763949765022,5.659744566821615
49.00763949765022,5.659744566821615
49.00763949765022,5.659744566821615
49.00763949765022,5.659744566821615
49.22175160759343,0.6040780114117013
49.22175160759343,0.6040780114117013
49.22175160759343,0.6040780114117013
49.22175160759343,0.6040780114117013
49.22175160759343,0.6040780114117013
49.22175160759343,0.6040780114117013
49.22175160759343,0.6040780114117013
49.22175160759343,0.6040780114117013
49.39165474033241,5.209477748463144
49.39165474033241,5.209477748463144
49.39165474033241,5.209477748463144
49.39165474033241,5.209477748463144
49.39165474033241,5.209477748463144
49.39165474033241,5.209477748463144
49.39165474033241,5.209477748463144
49.39165474033241,5.209477748463144
49.75011023401943,7.016416040485666
49.75011023401943,7.016416040485666
49.75011023401943,7.016416040485666
49.75011023401943,7.016416040485666
49.75011023401943,7.016416040485666
49.75011023401943,7.016416040485666
49.75011023401943,7.016416040485666
49.75011023401943,7.016416040485666
49.794732391733234,24.05808601856225
49.794732391733234,24.05808601856225
49.794732391733234,24.05808601856225
49.794732391733234,24.05808601856225
49.794732391733234,24.05808601856225
49.794732391733234,24.05808601856225
49.794732391733234,24.05808601856225
49.794732391733234,24.05808601856225
49.90505225493223,8.608002953504723
49.90505225493223,8.608002953504723
49.90505225493223,8.608002953504723
49.90505225493223,8.608002953504723
49.90505225493223,8.608002953504723
49.90505225493223,8.608002953504723
49.90505225493223,8.608002953504723
49.90505225493223,8.608002953504723
49.994848288352586,3.603627754891562
49.994848288352586,3.603627754891562
49.994848288352586,3.603627754891562
49.994848288352586,3.603627754891562
49.994848288352586,3.603627754891562
49.994848288352586,3.603627754891562
49.994848288352586,3.603627754891562
49.994848288352586,3.603627754891562
50.068337774687805,22.573465142966626
50.068337774687805,22.573465142966626
50.068337774687805,22.573465142966626
50.068337774687805,22.573465142966626
50.068337774687805,22.573465142966626
50.068337774687805,22.573465142966626
50.068337774687805,22.573465142966626
50.068337774687805,22.573465142966626
50.70428177086147,7.341247163057403
50.70428177086147,7.341247163057403
50.70428177086147,7.341247163057403
50.70428177086147,7.341247163057403
50.70428177086147,7.341247163057403
50.70428177086147,7.341247163057403
50.70428177086147,7.341247163057403
50.70428177086147,7.341247163057403
50.92500851699815,18.499621309053964
50.92500851699815,18.499621309053964
50.92500851699815,18.499621309053964
50.92500851699815,18.499621309053964
50.92500851699815,18.499621309053964
50.92500851699815,18.499621309053964
50.92500851699815,18.499621309053964
50.92500851699815,18.499621309053964
50.9941535439019,-0.6153277790292577
50.9941535439019,-0.6153277790292577
50.9941535439019,-0.6153277790292577
50.9941535439019,-0.6153277790292577
50.9941535439019,-0.6153277790292577
50.9941535439019,-0.6153277790292577
50.9941535439019,-0.6153277790292577
50.9941535439019,-0.6153277790292577
50.998525012487065,11.224387008085529
50.998525012487065,11.224387008085529
50.998525012487065,11.224387008085529
50.998525012487065,11.224387008085529
50.998525012487065,11.224387008085529
50.998525012487065,11.224387008085529
50.998525012487065,11.224387008085529
50.998525012487065,11.224387008085529
51.00992122416338,14.349695506133912
51.00992122416338,14.349695506133912
51.00992122416338,14.349695506133912
51.00992122416338,14.349695506133912
51.00992122416338,14.349695506133912
51.00992122416338,14.349695506133912
51.00992122416338,14.349695506133912
51.00992122416338,14.349695506133912
51.235461054949255,71.5585970647875
51.235461054949255,71.5585970647875
51.235461054949255,71.5585970647875
51.235461054949255,71.5585970647875
51.235461054949255,71.5585970647875
51.235461054949255,71.5585970647875
51.235461054949255,71.5585970647875
51.235461054949255,71.5585970647875
51.564699174794185,12.132690457806433
51.564699174794185,12.132690457806433
51.564699174794185,12.132690457806433
51.564699174794185,12.132690457806433
51.564699174794185,12.132690457806433
51.564699174794185,12.132690457806433
51.564699174794185,12.132690457806433
51.564699174794185,12.132690457806433
51.943058471698734,0.37139703554692005
51.943058471698734,0.37139703554692005
51.943058471698734,0.37139703554692005
51.943058471698734,0.37139703554692005
51.943058471698734,0.37139703554692005
51.943058471698734,0.37139703554692005
51.943058471698734,0.37139703554692005
51.943058471698734,0.37139703554692005
52.08974051705273,4.74100543345989
52.08974051705273,4.74100543345989
52.08974051705273,4.74100543345989
52.08974051705273,4.74100543345989
52.08974051705273,4.74100543345989
52.08974051705273,4.74100543345989
52.08974051705273,4.74100543345989
52.08974051705273,4.74100543345989
52.546901847463886,12.986647497610704
52.546901847463886,12.986647497610704
52.546901847463886,12.986647497610704
52.546901847463886,12.986647497610704
52.546901847463886,12.986647497610704
52.546901847463886,12.986647497610704
52.546901847463886,12.986647497610704
52.546901847463886,12.986647497610704
52.614144979386325,10.051622459054926
52.614144979386325,10.051622459054926
52.614144979386325,10.051622459054926
52.614144979386325,10.051622459054926
52.614144979386325,10.051622459054926
52.614144979386325,10.051622459054926
52.614144979386325,10.051622459054926
52.614144979386325,10.051622459054926
53.94205627177257,-8.259612647027126
53.94205627177257,-8.259612647027126
53.94205627177257,-8.259612647027126
53.94205627177257,-8.259612647027126
53.94205627177257,-8.259612647027126
53.94205627177257,-8.259612647027126
53.94205627177257,-8.259612647027126
53.94205627177257,-8.259612647027126
54.96250327439628,-1.608419008062242
54.96250327439628,-1.608419008062242
54.96250327439628,-1.608419008062242
54.96250327439628,-1.608419008062242
54.96250327439628,-1.608419008062242
54.96250327439628,-1.608419008062242
54.96250327439628,-1.608419008062242
54.96250327439628,-1.608419008062242
55.27519262757902,-1.9562636709012224
55.27519262757902,-1.9562636709012224
55.27519262757902,-1.9562636709012224
55.27519262757902,-1.9562636709012224
55.27519262757902,-1.9562636709012224
55.27519262757902,-1.9562636709012224
55.27519262757902,-1.9562636709012224
55.27519262757902,-1.9562636709012224
55.74715496141036,38.12003255153405
55.74715496141036,38.12003255153405
55.74715496141036,38.12003255153405
55.74715496141036,38.12003255153405
55.74715496141036,38.12003255153405
55.74715496141036,38.12003255153405
55.74715496141036,38.12003255153405
55.74715496141036,38.12003255153405
55.83135619737925,37.1609693142868
55.83135619737925,37.1609693142868
55.83135619737925,37.1609693142868
55.83135619737925,37.1609693142868
55.83135619737925,37.1609693142868
55.83135619737925,37.1609693142868
55.83135619737925,37.1609693142868
55.83135619737925,37.1609693142868
55.88583160116444,37.111814831058695
55.88583160116444,37.111814831058695
55.88583160116444,37.111814831058695
55.88583160116444,37.111814831058695
55.88583160116444,37.111814831058695
55.88583160116444,37.111814831058695
55.88583160116444,37.111814831058695
55.88583160116444,37.111814831058695
56.44706460037392,47.83669879719858
56.44706460037392,47.83669879719858
56.44706460037392,47.83669879719858
56.44706460037392,47.83669879719858
56.44706460037392,47.83669879719858
56.44706460037392,47.83669879719858
56.44706460037392,47.83669879719858
56.44706460037392,47.83669879719858
56.88951684081232,15.193809333550576
56.88951684081232,15.193809333550576
56.88951684081232,15.193809333550576
56.88951684081232,15.193809333550576
56.88951684081232,15.193809333550576
56.88951684081232,15.193809333550576
56.88951684081232,15.193809333550576
56.88951684081232,15.193809333550576
57.005490532565716,26.434071477370253
57.005490532565716,26.434071477370253
57.005490532565716,26.434071477370253
57.005490532565716,26.434071477370253
57.005490532565716,26.434071477370253
57.005490532565716,26.434071477370253
57.005490532565716,26.434071477370253
57.005490532565716,26.434071477370253
57.35708251322849,-2.474594690475243
57.35708251322849,-2.474594690475243
57.35708251322849,-2.474594690475243
57.35708251322849,-2.474594690475243
57.35708251322849,-2.474594690475243
57.35708251322849,-2.474594690475243
57.35708251322849,-2.474594690475243
57.35708251322849,-2.474594690475243
57.51156356352128,24.69323654236095
57.51156356352128,24.69323654236095
57.51156356352128,24.69323654236095
57.51156356352128,24.69323654236095
57.51156356352128,24.69323654236095
57.51156356352128,24.69323654236095
57.51156356352128,24.69323654236095
57.51156356352128,24.69323654236095
57.59693622562017,-2.17951014283355
57.59693622562017,-2.17951014283355
57.59693622562017,-2.17951014283355
57.59693622562017,-2.17951014283355
57.59693622562017,-2.17951014283355
57.59693622562017,-2.17951014283355
57.59693622562017,-2.17951014283355
57.59693622562017,-2.17951014283355
58.40279321139104,31.6422825147734
58.40279321139104,31.6422825147734
58.40279321139104,31.6422825147734
58.40279321139104,31.6422825147734
58.40279321139104,31.6422825147734
58.40279321139104,31.6422825147734
58.40279321139104,31.6422825147734
58.40279321139104,31.6422825147734
58.42553936318882,26.811273068886237
58.42553936318882,26.811273068886237
58.42553936318882,26.811273068886237
58.42553936318882,26.811273068886237
58.42553936318882,26.811273068886237
58.42553936318882,26.811273068886237
58.42553936318882,26.811273068886237
58.42553936318882,26.811273068886237
58.493503126311566,41.54938926378367
58.493503126311566,41.54938926378367
58.493503126311566,41.54938926378367
58.493503126311566,41.54938926378367
58.493503126311566,41.54938926378367
58.493503126311566,41.54938926378367
58.493503126311566,41.54938926378367
58.493503126311566,41.54938926378367
58.947964042477764,16.32341157690402
58.947964042477764,16.32341157690402
58.947964042477764,16.32341157690402
58.947964042477764,16.32341157690402
58.947964042477764,16.32341157690402
58.947964042477764,16.32341157690402
58.947964042477764,16.32341157690402
58.947964042477764,16.32341157690402
58.95563084467116,36.514200204456614
58.95563084467116,36.514200204456614
58.95563084467116,36.514200204456614
58.95563084467116,36.514200204456614
58.95563084467116,36.514200204456614
58.95563084467116,36.514200204456614
58.95563084467116,36.514200204456614
58.95563084467116,36.514200204456614
59.732936946475576,16.8832952504348
59.732936946475576,16.8832952504348
59.732936946475576,16.8832952504348
59.732936946475576,16.8832952504348
59.732936946475576,16.8832952504348
59.732936946475576,16.8832952504348
59.732936946475576,16.8832952504348
59.732936946475576,16.8832952504348
60.269139249511824,10.474085846209618
60.269139249511824,10.474085846209618
60.269139249511824,10.474085846209618
60.269139249511824,10.474085846209618
60.269139249511824,10.474085846209618
60.269139249511824,10.474085846209618
60.269139249511824,10.474085846209618
60.269139249511824,10.474085846209618
60.30743228057618,5.316223507426969
60.30743228057618,5.316223507426969
60.30743228057618,5.316223507426969
60.30743228057618,5.316223507426969
60.30743228057618,5.316223507426969
60.30743228057618,5.316223507426969
60.30743228057618,5.316223507426969
60.30743228057618,5.316223507426969
60.959009196304876,30.188408189956334
60.959009196304876,30.188408189956334
60.959009196304876,30.188408189956334
60.959009196304876,30.188408189956334
60.959009196304876,30.188408189956334
60.959009196304876,30.188408189956334
60.959009196304876,30.188408189956334
60.959009196304876,30.188408189956334
61.082199289859915,62.150954117440534
61.082199289859915,62.150954117440534
61.082199289859915,62.150954117440534
61.082199289859915,62.150954117440534
61.082199289859915,62.150954117440534
61.082199289859915,62.150954117440534
61.082199289859915,62.150954117440534
61.082199289859915,62.150954117440534
61.209855553995624,-149.88287667062843
61.209855553995624,-149.88287667062843
61.209855553995624,-149.88287667062843
61.209855553995624,-149.88287667062843
61.209855553995624,-149.88287667062843
61.209855553995624,-149.88287667062843
61.209855553995624,-149.88287667062843
61.209855553995624,-149.88287667062843
61.628228390635485,152.27031582569845
61.628228390635485,152.27031582569845
61.628228390635485,152.27031582569845
61.628228390635485,152.27031582569845
61.628228390635485,152.27031582569845
61.628228390635485,152.27031582569845
61.628228390635485,152.27031582569845
61.628228390635485,152.27031582569845
66.25833354219404,17.199935214138605
66.25833354219404,17.199935214138605
66.25833354219404,17.199935214138605
66.25833354219404,17.199935214138605
66.25833354219404,17.199935214138605
66.25833354219404,17.199935214138605
66.25833354219404,17.199935214138605
66.25833354219404,17.199935214138605
8.41303762641742,6.944511635274466
8.41303762641742,6.944511635274466
8.41303762641742,6.944511635274466
8.41303762641742,6.944511635274466
8.41303762641742,6.944511635274466
8.41303762641742,6.944511635274466
8.41303762641742,6.944511635274466
8.41303762641742,6.944511635274466
9.284710833096469,78.42009886765277
9.284710833096469,78.42009886765277
9.284710833096469,78.42009886765277
9.284710833096469,78.42009886765277
9.284710833096469,78.42009886765277
9.284710833096469,78.42009886765277
9.284710833096469,78.42009886765277
9.284710833096469,78.42009886765277
